{"cameraMode":{"drawMode":0,"name":"Shaded","section":"Shading Mode"},"sceneLighting":false,"audioPlay":false,"sceneViewState":{"showFog":true,"showMaterialUpdate":false,"showSkybox":false,"showFlares":true,"showImageEffects":true,"showParticleSystems":true},"in2DMode":false,"pivot":{"x":-4.052168369293213,"y":2.2531557083129885,"z":0.000736236572265625},"rotation":{"x":0.0022657900117337705,"y":0.9977211356163025,"z":-0.04492783918976784,"w":0.05032587796449661},"size":16.754802703857423,"orthographic":true}