{"cameraMode":{"drawMode":0,"name":"Shaded","section":"Shading Mode"},"sceneLighting":false,"audioPlay":false,"sceneViewState":{"showFog":true,"showMaterialUpdate":false,"showSkybox":false,"showFlares":true,"showImageEffects":true,"showParticleSystems":true},"in2DMode":false,"pivot":{"x":28.826168060302736,"y":4.357666015625,"z":24.01620101928711},"rotation":{"x":0.7039180994033814,"y":4.4668988508078659e-9,"z":-3.890629329816875e-8,"w":0.7102823257446289},"size":39.14284896850586,"orthographic":false}