{"cameraMode":{"drawMode":0,"name":"Shaded","section":"Shading Mode"},"sceneLighting":false,"audioPlay":false,"sceneViewState":{"showFog":true,"showMaterialUpdate":false,"showSkybox":false,"showFlares":true,"showImageEffects":true,"showParticleSystems":true},"in2DMode":false,"pivot":{"x":-0.04111933708190918,"y":1.944972276687622,"z":-1.1920928955078126e-7},"rotation":{"x":0.0022657900117337705,"y":0.9977211356163025,"z":-0.04492783918976784,"w":0.05032587796449661},"size":8.126519203186036,"orthographic":true}