{"cameraMode":{"drawMode":0,"name":"Shaded","section":"Shading Mode"},"sceneLighting":false,"audioPlay":false,"sceneViewState":{"showFog":true,"showMaterialUpdate":false,"showSkybox":false,"showFlares":true,"showImageEffects":true,"showParticleSystems":true},"in2DMode":false,"pivot":{"x":0.21813583374023438,"y":2.3177266120910646,"z":1.3042244911193848},"rotation":{"x":0.07791382074356079,"y":-0.013458527624607087,"z":0.0010518963681533933,"w":0.9968691468238831},"size":4.00103759765625,"orthographic":false}