{"cameraMode":{"drawMode":0,"name":"Shaded","section":"Shading Mode"},"sceneLighting":false,"audioPlay":false,"sceneViewState":{"showFog":true,"showMaterialUpdate":false,"showSkybox":false,"showFlares":true,"showImageEffects":true,"showParticleSystems":true},"in2DMode":false,"pivot":{"x":0.7020416259765625,"y":-0.509737491607666,"z":1.7330691814422608},"rotation":{"x":0.07791382074356079,"y":-0.013458527624607087,"z":0.0010518963681533933,"w":0.9968691468238831},"size":17.893688201904298,"orthographic":false}