{"cameraMode":{"drawMode":0,"name":"Shaded","section":"Shading Mode"},"sceneLighting":false,"audioPlay":false,"sceneViewState":{"showFog":true,"showMaterialUpdate":false,"showSkybox":false,"showFlares":true,"showImageEffects":true,"showParticleSystems":true},"in2DMode":false,"pivot":{"x":14.645417213439942,"y":1.8092010021209717,"z":41.918033599853519},"rotation":{"x":0.21711310744285584,"y":-0.03513260558247566,"z":0.00781944952905178,"w":0.9754837155342102},"size":5.780059814453125,"orthographic":false}