{"cameraMode":{"drawMode":0,"name":"Shaded","section":"Shading Mode"},"sceneLighting":false,"audioPlay":false,"sceneViewState":{"showFog":true,"showMaterialUpdate":false,"showSkybox":false,"showFlares":true,"showImageEffects":true,"showParticleSystems":true},"in2DMode":false,"pivot":{"x":-0.1719425916671753,"y":1.9122228622436524,"z":-1.1920928955078126e-7},"rotation":{"x":0.4017016887664795,"y":0.009615312330424786,"z":-0.004218025133013725,"w":0.9157108068466187},"size":7.229649543762207,"orthographic":false}