{"cameraMode":{"drawMode":0,"name":"Shaded","section":"Shading Mode"},"sceneLighting":false,"audioPlay":false,"sceneViewState":{"showFog":true,"showMaterialUpdate":false,"showSkybox":false,"showFlares":true,"showImageEffects":true,"showParticleSystems":true},"in2DMode":false,"pivot":{"x":-0.3704051971435547,"y":6.254521369934082,"z":0.5381526947021484},"rotation":{"x":0.07791382074356079,"y":-0.013458527624607087,"z":0.0010518963681533933,"w":0.9968691468238831},"size":23.10910987854004,"orthographic":false}