{"cameraMode":{"drawMode":0,"name":"Shaded","section":"Shading Mode"},"sceneLighting":false,"audioPlay":false,"sceneViewState":{"showFog":true,"showMaterialUpdate":false,"showSkybox":false,"showFlares":true,"showImageEffects":true,"showParticleSystems":true},"in2DMode":false,"pivot":{"x":15.216883659362793,"y":0.23907244205474854,"z":21.16459083557129},"rotation":{"x":0.06918636709451676,"y":0.6889167428016663,"z":-0.06634002178907395,"w":0.7184762954711914},"size":6.409806251525879,"orthographic":false}